,e2'_es,e2'_nl,Dev_en,e3'_en,Dev_de,e3'_de,Dev_es,e3'_es,Dev_nl,e3'_nl,Dev_zh,e3'_zh,Dev_en_de_zh,e3_es,e3_nl,embedd_sim
model-seed_942465-lr_5e-05-ep_7,0.2217855137563166,0.15914737805675416,0.055983908816627515,0.08924485125858117,0.1480291345329906,0.18436536845054652,0.2496029044701611,0.2655966503838103,0.18944844124700244,0.2222981281595845,0.1104763847801693,0.13336719146775,0.1048298093765958,0.043811136627493696,0.06315075010283033,0.9301828145980835
model-seed_776563-lr_0.0001-ep_4,0.21320224719101122,0.18929303278688525,0.06608593684563202,0.099001226563869,0.16854663774403467,0.2043980828869466,0.25775280898876407,0.25616381111575426,0.20899417787592856,0.2475409836065573,0.12546672804460135,0.16765609007164806,0.12003310087808934,0.04296156392474304,0.058247950819672045,0.9277585744857788
model-seed_456459-lr_3e-05-ep_4,0.21551020408163246,0.1477851822814582,0.058882653488566916,0.09481624418910617,0.1504330161445525,0.18753493571827828,0.2377442769402568,0.2561549100968188,0.17863572714542908,0.21216234559522174,0.12477654629960677,0.1406774488861764,0.1113640719775754,0.04064470601518633,0.06437716331376353,0.895092248916626
model-seed_957177-lr_5e-05-ep_7,0.21736740862874415,0.19329284393979407,0.05543460056941896,0.09285588906441988,0.14825488312520008,0.1968723820161966,0.25614271289128254,0.2567474048442907,0.18771194893277487,0.22175618996076307,0.10649138897381039,0.14644351464435146,0.1033936242228098,0.03937999621554655,0.028463346020969005,0.9433310031890869
model-seed_832880-lr_0.0001-ep_4,0.24787961696306426,0.18880936890045552,0.06599580712788267,0.0996057818659658,0.15997848305540618,0.20039210194650603,0.26546593578700084,0.27657818731948836,0.19552626323147604,0.24176121015667207,0.12711430035879034,0.16096661888183506,0.11769619684735973,0.02869857035642409,0.05295184125621655,0.9325678944587708
model-seed_237225-lr_5e-05-ep_5,0.19804058782365286,0.16561181434599148,0.05948297498535937,0.09643514057983715,0.13783178765590032,0.17941546636834005,0.254800673778776,0.25931053578845353,0.18196328810853946,0.21260917030567683,0.11374674096416337,0.1390161930950199,0.10368716786847436,0.061269947964800675,0.04699735595968535,0.9371041059494019
model-seed_855700-lr_7e-05-ep_4,0.21251592807588848,0.16729104766825997,0.057631093985592186,0.10053466561486535,0.1534414259637067,0.19267849657677794,0.25184853237732474,0.2556078648573803,0.2014896119168953,0.23795503211991442,0.12055941200489995,0.13667172483560963,0.11054397731806627,0.04309193678149181,0.07066398445165445,0.8761858940124512
model-seed_520770-lr_0.0001-ep_4,0.23199092456040848,0.23193518881484387,0.065919357537226,0.10182996235005692,0.15866209262435682,0.19484521641686503,0.26176305446378434,0.27827897293546155,0.19655379683430174,0.24783080260303691,0.13450948398939422,0.17269320368682262,0.11969697805032568,0.04628804837505307,0.01589561378819304,0.9256094098091125
model-seed_413156-lr_5e-05-ep_5,0.19627984453081604,0.16517451667315441,0.05539260873208751,0.09458154035303423,0.15486014360733036,0.19190215099114294,0.25472122302158273,0.2658087726580878,0.19107896323086204,0.22881007805011644,0.10834740774860518,0.13858363858363854,0.10620005336267435,0.06952892812727174,0.06363556137696202,0.9075958728790283
model-seed_227312-lr_3e-05-ep_6,0.21142381810619704,0.15125278761642402,0.0550574038380961,0.09407848633496851,0.14566634605108475,0.18629370629370623,0.2424071355989612,0.26222222222222225,0.1811811811811811,0.21138322615952942,0.10706616218427245,0.12965783328256675,0.10259663735781777,0.05079840411602521,0.0601304385431054,0.9233628511428833
model-seed_964347-lr_5e-05-ep_4,0.21540540540540543,0.15101193565127136,0.055630026809651456,0.09574841883345042,0.15073489968887455,0.18889984504859836,0.25514449567075226,0.2621224715987809,0.18256022297431818,0.22004889975550124,0.11181520850367943,0.14045228678632993,0.10606004500073514,0.046717066193375456,0.06903696410422988,0.8886824250221252
model-seed_851308-lr_5e-05-ep_5,0.2079234972677595,0.1907962771458117,0.05405178915612174,0.09370064923670818,0.14106115491157045,0.1878923141302833,0.257012542759407,0.26819708846584533,0.18455106510053754,0.21652847628109284,0.11295918367346935,0.15208777811642793,0.10269070924705385,0.06027359119808584,0.02573219913528113,0.8954083323478699
model-seed_542352-lr_7e-05-ep_5,0.21958620689655184,0.15727391874180874,0.05958266990698058,0.098341959821037,0.1511329628046173,0.1968017954832375,0.24650016799193641,0.270672546857773,0.18502202643171806,0.2226177437020811,0.11642923029619767,0.1525596573526412,0.10904828766926518,0.05108633996122114,0.06534382496027236,0.9238098859786987
model-seed_662779-lr_3e-05-ep_7,0.22438957850225083,0.1618527192297683,0.05332886131142045,0.09001579224425338,0.14694574967962404,0.19207146845337786,0.2548975455978384,0.2620603364382037,0.18385291766586742,0.21328958162428224,0.10516076182674583,0.13538901368184597,0.10181179093926344,0.03767075793595287,0.05143686239451395,0.925140917301178
model-seed_709384-lr_5e-05-ep_6,0.21913580246913567,0.1903540277065161,0.05406084988684945,0.09562171628721539,0.1429790866410584,0.18427655422358513,0.25103618236809666,0.26528914158923855,0.18389423076923084,0.21887713588283153,0.10564354913117024,0.14308992769121098,0.1008944952196927,0.04615333912010289,0.028523108176315426,0.9229088425636292
model-seed_490595-lr_0.0001-ep_7,0.24438241451500353,0.2311020960108181,0.06115951742627346,0.10019335559852349,0.1746813751740388,0.20169371912491174,0.2693442250964374,0.2702324278913468,0.20801295022258204,0.247045891728497,0.1185903983656793,0.15396325992083615,0.11814376365533052,0.025850013376343295,0.0159437957176789,0.956855058670044
model-seed_511085-lr_5e-05-ep_6,0.21377371749824314,0.17830647224354057,0.054600352260337215,0.09392556179775291,0.1500646830530401,0.18665919282511212,0.25338447653429597,0.2651072124756336,0.18227191056099024,0.21704685152301595,0.10724874757182301,0.13797661413319784,0.10397126096173344,0.05133349497739048,0.03874037927947538,0.9205160140991211
model-seed_857908-lr_0.0001-ep_3,0.2278967600219659,0.19105431309904153,0.06248952923437767,0.09973707274320776,0.16071810215858084,0.20005595970900958,0.27693677649154047,0.27912087912087924,0.2071713147410359,0.2378765365392408,0.14249415591015346,0.16597636124861104,0.121900595767704,0.051224119098913334,0.04682222344019926,0.9019966125488281
model-seed_119668-lr_3e-05-ep_3,0.22121253221212522,0.1730313405319991,0.0603880896620943,0.09624824684431976,0.14337801608579093,0.1781818181818181,0.24110141034251176,0.2625760088446655,0.1656101426307448,0.2081300813008129,0.13510216529429708,0.15762014648339506,0.11295609034739411,0.04136347663254025,0.03509874076881381,0.9090564250946045
model-seed_430875-lr_7e-05-ep_6,0.210402545303638,0.2229586426299045,0.057926062536675316,0.09391197399631024,0.1550595557463248,0.183237238081845,0.251205021858536,0.26242902645063004,0.198318991394837,0.23547066848567533,0.1093886350803348,0.14642893739112617,0.10745808445444498,0.05202648114699204,0.012512025855770825,0.9204620122909546
model-seed_168886-lr_3e-05-ep_7,0.20005607738679376,0.15625,0.05365526492287065,0.08916637354906776,0.1360783062027875,0.18103207810320787,0.2408957249491065,0.2487885919977848,0.18036711891460488,0.21493798555267818,0.1024185713555249,0.13147410358565736,0.09738404749372769,0.04873251461099104,0.05868798555267818,0.9338286519050598
model-seed_544712-lr_7e-05-ep_5,0.21460019883539272,0.18612477349210466,0.06326564859875827,0.09612852251777715,0.1781175963816498,0.20174328693940669,0.26636670416197983,0.2762300762300761,0.1894926809705234,0.23563764769794926,0.10939497775277451,0.14212991244145778,0.1169260742443942,0.0616298773946834,0.049512874205844604,0.9387510418891907
model-seed_984406-lr_7e-05-ep_3,0.20078574435246244,0.23289491165138831,0.06101240362051619,0.09697235629662126,0.15189062166203804,0.20112359550561787,0.25036341272503637,0.2648933222499308,0.19291964996022282,0.23229308005427407,0.13601386128522663,0.1607651607651609,0.11630562885592695,0.06410757789746835,-0.0006018315971142441,0.8923572897911072
model-seed_46857-lr_7e-05-ep_3,0.2057323963070138,0.17906976744186043,0.06412188180143985,0.09583991574512896,0.16808441908043503,0.19171564511614891,0.26116799819961733,0.25932085932085924,0.19416116776644676,0.23257720688712769,0.1322848272000815,0.14891458713735028,0.12149704269398547,0.053588463013845455,0.05350743944526726,0.8743497133255005
model-seed_552215-lr_7e-05-ep_6,0.24806201550387597,0.17122488658457546,0.058053691275167796,0.09350877192982465,0.15456398155100293,0.19603185692329195,0.25468080306789986,0.2609422916085866,0.1925241157556269,0.230201066885515,0.114244692852015,0.14303303919556742,0.10895412189272857,0.012880276104710653,0.05897618030093954,0.9339093565940857
model-seed_767795-lr_1e-06-ep_6,0.2614733500859673,0.2616264610793334,0.19203413940256042,0.18922712518641993,0.2653278078843906,0.29311548666387377,0.3124092482966603,0.30435982339955847,0.3013322884012539,0.3417890520694258,0.326822598759705,0.326742364917776,0.2613948486822187,0.04288647331359119,0.08016259099009237,0.8802952766418457
model-seed_940890-lr_3e-05-ep_3,0.20222068008327554,0.16135716135716127,0.0589121338912133,0.093810275293705,0.15227127319257838,0.1870824053452117,0.2391620925282849,0.2521355745384404,0.17665740373163952,0.21868652674339883,0.1314384501957594,0.16221393285613472,0.11420728575985035,0.04991489445516484,0.05732936538623756,0.8876500725746155
model-seed_564375-lr_7e-05-ep_7,0.22730394176624102,0.2133418858242463,0.05791635235939985,0.09408154318281459,0.16456786137121948,0.20056298381421533,0.25704660303200444,0.27891725966234127,0.20628683693516703,0.24874038716520808,0.11139538453666276,0.14672916242103118,0.11129319942242737,0.05161331789610024,0.035398501340961785,0.9361975193023682
model-seed_801889-lr_3e-05-ep_4,0.21498905908096277,0.17542715534107223,0.05425576519916142,0.09151531104676669,0.13976187922342587,0.18012073564509334,0.23946510843915036,0.2614015572858731,0.18045862412761726,0.21188172775582492,0.12328487630706453,0.14276998169615618,0.10576750690988394,0.046412498204910335,0.036454572414752695,0.9000198841094971
model-seed_478474-lr_0.0001-ep_5,0.24173581825601942,0.1885202738283307,0.0621279449987423,0.10152551288795364,0.1728886498117269,0.2038207613428853,0.26742228706093596,0.2739100346020762,0.20726837060702885,0.24570655848546308,0.12201632359735126,0.14828819621870204,0.11901097280260682,0.03217421634605677,0.05718628465713238,0.923734188079834
model-seed_398394-lr_7e-05-ep_7,0.22540030108115494,0.1909126113334194,0.061207401825337016,0.10201940729084702,0.1611039794608473,0.1963636363636363,0.2616968882919185,0.2691296526912965,0.19464428457234206,0.23808226641242158,0.11286196664279136,0.1425937307928703,0.11172444930965857,0.043729351610141576,0.04716965507900217,0.9288821816444397
model-seed_696507-lr_1e-06-ep_7,0.23872855432903306,0.24584470354750687,0.18501170960187352,0.188665962689194,0.2572654155495979,0.29743374000841394,0.32919815044547196,0.3278597272474255,0.3071792859945076,0.3569613481342784,0.3060306910370443,0.2989002356637863,0.24943593872950523,0.08913117291839245,0.1111166445867715,0.882526159286499
model-seed_443294-lr_7e-05-ep_6,0.21129503407984418,0.16402391473875755,0.05674589889521253,0.09310889005786427,0.14276582143618155,0.18792599805258037,0.24898967220475965,0.2584611134134548,0.18886679920477134,0.2244842562432139,0.11488277268093783,0.15532109161002328,0.10479816433744397,0.04716607933361061,0.06046034150445634,0.9299208521842957
model-seed_754633-lr_0.0001-ep_4,0.2373303793962891,0.2098338870431894,0.061162849232318184,0.09844832120627689,0.16723989681857276,0.20174820245312275,0.27573696145124726,0.27729441481897277,0.21515941447764197,0.24309617739083111,0.12609340631234323,0.15726339331096884,0.11816538412107806,0.039964035422683675,0.03326229034764172,0.9313331246376038
model-seed_740068-lr_3e-05-ep_5,0.2060815480304078,0.19118600129617624,0.05441151849991632,0.09129250505228004,0.1404011461318051,0.18624721603563477,0.2431218416619877,0.25882680011120385,0.16832867969684884,0.20897959183673476,0.11852153548518485,0.13767234387672345,0.10444473337230209,0.05274525208079606,0.017793590540558513,0.9061977863311768
model-seed_115450-lr_3e-05-ep_5,0.21083496230103327,0.21139273582440554,0.055197252701231325,0.09154682567520156,0.13865501438772243,0.18132252201873333,0.235406590934653,0.256470588235294,0.1789137380191692,0.21516225797654764,0.10433799342105265,0.12206092823553472,0.09939675350333547,0.04563562593426074,0.003769522152142102,0.8523318767547607
model-seed_636274-lr_7e-05-ep_4,0.227198252321136,0.16603228770179812,0.060755887035950806,0.0954094619503204,0.15740939309457425,0.18781302170283798,0.24610731488742021,0.2706922758048915,0.18276553106212434,0.2221306974190006,0.12428803905614327,0.14170448814926873,0.1141511063955561,0.04349402348375553,0.05609840971720248,0.9020199775695801
model-seed_718283-lr_5e-05-ep_3,0.20530707153604166,0.15480844409695083,0.06001676445934623,0.09616901902340658,0.1413578924823301,0.1859876195835678,0.2609327815680573,0.2691720981833311,0.18207282913165268,0.21343711593609171,0.12332686216409527,0.14756097560975612,0.10823383970192386,0.06386502664728944,0.05862867183914089,0.9064027070999146
model-seed_459777-lr_0.0001-ep_7,0.24103123721184005,0.21791200208279105,0.06366225498408451,0.10633088492479881,0.16623821765209945,0.20712382555041364,0.2662841714478569,0.2649596437517395,0.20871651339464214,0.24905046120455765,0.11365738361936084,0.1425942962281509,0.11451928541851493,0.02392840653989947,0.031138459121766604,0.9437618851661682
model-seed_198745-lr_5e-05-ep_7,0.21432522123893794,0.16919486581096854,0.055569524767412615,0.09484952180398343,0.13971373638111517,0.1853610839502723,0.2509262377905018,0.2602019643104164,0.17715430861723458,0.2076712328767123,0.10819370657948502,0.14279894072112442,0.10115898924267093,0.04587674307147849,0.038476367065743755,0.9369299411773682
model-seed_642612-lr_5e-05-ep_5,0.2024488660080701,0.18450906245925147,0.056398223414061865,0.0921537651395472,0.1455709711846318,0.18961184026808153,0.23991935483870963,0.25556323427781613,0.17618761274804562,0.22100954979536147,0.11626955721443921,0.1336321042982277,0.10607958393771096,0.053114368269746026,0.03650048733611,0.8840511441230774
model-seed_628727-lr_5e-05-ep_4,0.20317283607013636,0.17944765574823374,0.05965147453083108,0.09177048605018423,0.1392540344127392,0.19082902278764158,0.26367713004484294,0.2565834826968152,0.17998804066175,0.21644727914235307,0.12126305067481524,0.14996474972303353,0.10672285320612851,0.053410646626678826,0.03699962339411933,0.9096397161483765
model-seed_917607-lr_7e-05-ep_7,0.22393769640661287,0.2043237542842078,0.05895159939708594,0.10403916768665844,0.1583136158313616,0.19194743464280728,0.2653474252304926,0.27033028032195405,0.19639278557114237,0.22741517917972476,0.10503316024883036,0.13142857142857145,0.10743279182575931,0.04639258391534118,0.023091424895516965,0.9295695424079895
model-seed_208416-lr_5e-05-ep_7,0.19843487982112906,0.1629658485910921,0.055518282455551904,0.0958230958230959,0.14610842726784756,0.18604322644441296,0.2507586827020343,0.2592181868588854,0.19855884707766225,0.22052401746724892,0.105940238839629,0.13633104578510713,0.10252231618767615,0.06078330703775636,0.057558168876156834,0.9217867255210876
model-seed_111316-lr_3e-05-ep_3,0.21384254791120916,0.19711414583870146,0.05770036010384394,0.09663276043493518,0.14023479188900745,0.18494773519163765,0.24090704984283795,0.2660753880266076,0.1829414109206855,0.22564868903681568,0.13184294953404285,0.15459961627789565,0.10992603384229808,0.052232840115398416,0.028534543198114215,0.9127994775772095
model-seed_89477-lr_7e-05-ep_5,0.2417774197878909,0.19411917772573506,0.05816292323164607,0.09620275366131714,0.15820122937560654,0.20045204124876403,0.271842462652784,0.27325742849208556,0.19350310808101057,0.23584131326949387,0.1182961252245317,0.15660435182347532,0.1115534259439281,0.03148000870419465,0.04172213554375881,0.9300841689109802
model-seed_96875-lr_5e-05-ep_6,0.22152516380872722,0.1644018118838263,0.05520650079584477,0.08960070206230797,0.14246019023191203,0.19399213924761372,0.23907165389815233,0.2620172270075021,0.18220084185207452,0.21752183406113546,0.10599456438131372,0.14034369885433706,0.10122041846969017,0.04049206319877485,0.053120022177309156,0.90633225440979
model-seed_452597-lr_3e-05-ep_4,0.2017191182586996,0.16589801027803408,0.05934544237046957,0.09209367846451832,0.13619841778918107,0.18521617852161776,0.24404162470627722,0.25044995154368,0.17740969866294154,0.20649208947081288,0.11947760432608912,0.14793856103476155,0.10500715482857992,0.0487308332849804,0.0405940791927788,0.9097420573234558
model-seed_886259-lr_0.0001-ep_7,0.26532856750068745,0.24920886075949367,0.06186518928901197,0.10127584689837221,0.17466451959205587,0.19949174078780185,0.2635142760410789,0.27835051546391754,0.2161616161616161,0.2539769610532091,0.11455712451861366,0.15576766856214452,0.1170289444665605,0.013021947963230085,0.004768100293715438,0.9522628784179688
model-seed_332946-lr_5e-05-ep_4,0.19294862966533533,0.16165168685684506,0.05424666722562255,0.09456140350877185,0.1460049203123328,0.18720312936574468,0.26379815273710294,0.27154155681975845,0.17998804066175,0.21250170601883445,0.12213197969543144,0.15073752273186491,0.1074611890777956,0.07859292715442312,0.05085001916198939,0.8795531988143921
model-seed_381085-lr_5e-05-ep_6,0.2180348088255446,0.20386574376387612,0.058201945655820264,0.0884520884520884,0.15239633817985998,0.18641212801796736,0.24571428571428577,0.2589937973811165,0.1863254698120752,0.21677171827898045,0.10680708964808627,0.14262511420160384,0.1058017911612555,0.040958988555571896,0.012905974515104335,0.9091970324516296
model-seed_32640-lr_0.0001-ep_3,0.24734446130500765,0.19801602441816102,0.061416003351487225,0.10373880989994744,0.16700764509529453,0.19802955665024635,0.26270612152699346,0.28569438640479183,0.21085679562487336,0.24382503104733,0.14384537131230934,0.17081059227814832,0.12408967325303037,0.03834992509978419,0.04580900662916898,0.9296248555183411
model-seed_646309-lr_1e-06-ep_7,0.23603992446722422,0.246951219512195,0.16529543754674658,0.17613139961558621,0.2319375593291847,0.2812629829663482,0.3058679434361429,0.30948464912280704,0.28143021914648214,0.3097740409879137,0.3232545623562797,0.33077830188679247,0.24016251974407032,0.07344472465558283,0.06282282147571872,0.8953391909599304
model-seed_969759-lr_3e-05-ep_3,0.19010309278350523,0.15418388429752072,0.057977076884464185,0.09687034277198203,0.13509482207543133,0.18539247236602774,0.2411235955056179,0.2594752186588921,0.17288135593220322,0.21486928104575154,0.12962962962962976,0.1474805407619828,0.10756717619650842,0.06937212587538688,0.06068539674823081,0.8802745938301086
model-seed_506833-lr_7e-05-ep_7,0.20668523676880224,0.18895643363728476,0.05627414748866122,0.09617245930488338,0.15357334766254715,0.1823529411764706,0.259846084200996,0.2571907288466909,0.19375500400320256,0.2347118644067797,0.1111566228047719,0.14186426819296816,0.10700137265199343,0.05050549207788868,0.045755430769494954,0.9386522769927979
model-seed_748404-lr_7e-05-ep_3,0.2599083310865463,0.15751482340809486,0.05728643216080398,0.09707376905554566,0.14667236406366846,0.18673598426303217,0.2559077164296114,0.2703000275254611,0.18418972332015804,0.23377849723458788,0.1312873410611245,0.14622737441529388,0.1117487124285323,0.0103916964389148,0.07626367382649302,0.9214399456977844
model-seed_679183-lr_5e-05-ep_3,0.20610057708161578,0.14832535885167453,0.06337379656760156,0.09893001227854759,0.1452753374758946,0.19150133671028557,0.2554286993507947,0.2645752359800111,0.1778577138289369,0.21567560212273773,0.13070001525087693,0.16357402178297709,0.11311638309812437,0.058474658898395315,0.0673502432710632,0.9274141192436218
model-seed_26728-lr_5e-05-ep_3,0.20825777653787148,0.1586901763224181,0.05967026529416697,0.09236031927023947,0.14572649572649565,0.19009651699538388,0.24106344950848968,0.26485592168757743,0.18237745584441345,0.21710882512181906,0.12831790518079056,0.16193181818181812,0.11123822206715106,0.05659814514970596,0.05841864879940095,0.9090138077735901
model-seed_477759-lr_7e-05-ep_3,0.22884271363698916,0.19445504260460378,0.05816386308477706,0.0984238178633976,0.14854026307346813,0.19013591144738684,0.2474935225864594,0.2648363838047698,0.17849290425744557,0.2205338809034908,0.12866516301004716,0.15611985779583526,0.11178976305609745,0.035993670167780656,0.02607883829888702,0.8793847560882568
model-seed_365806-lr_5e-05-ep_5,0.19933738266151302,0.17445161290322597,0.057877544182929896,0.09286840721920453,0.13947789025039958,0.18713286713286725,0.2548189415041784,0.2593711382671975,0.18689710610932486,0.22714833059660633,0.11481764855904109,0.1354103034005295,0.10405769433079019,0.06003375560568447,0.05269671769338036,0.9215232729911804
model-seed_41017-lr_7e-05-ep_5,0.22090592334494785,0.17670364500792402,0.0577293674067868,0.09511703340054367,0.15613263225667984,0.18732551647124518,0.25586090858104316,0.2644444444444445,0.2051128420211703,0.23508676789587857,0.11562468024148165,0.14846850513890308,0.10982889330164942,0.04353852109949663,0.05838312288795455,0.8976490497589111
model-seed_428228-lr_5e-05-ep_3,0.20466712422786548,0.1551479137062396,0.05954172938618496,0.09647511589259161,0.14996248258119838,0.19664804469273756,0.24137158225011202,0.2524218101300858,0.18467037331215252,0.22501017225010167,0.13397250545325423,0.1544518473652332,0.11449223914021252,0.04775468590222032,0.06986225854386208,0.8641594648361206
model-seed_604168-lr_7e-05-ep_7,0.22365680966264045,0.2030254777070064,0.05940511101801427,0.09522974394949146,0.15218093699515345,0.19313546209030807,0.2559343008212397,0.26309937456567056,0.19085805934242184,0.22519083969465659,0.10573274535945032,0.13928934010152283,0.10577293112420601,0.03944256490303011,0.02216536198765018,0.9427286982536316
model-seed_140863-lr_0.0001-ep_6,0.25247455736790747,0.26381620931716643,0.062311557788944705,0.10075346066234447,0.163702985235478,0.20163334272036038,0.27900677200902935,0.28109313998884555,0.21558336697618086,0.2517492111400742,0.12058042100960564,0.14897085795801923,0.11553165467800945,0.028618582620938082,-0.012066998177092225,0.9506475329399109
model-seed_700486-lr_7e-05-ep_6,0.21297327394209364,0.1807073954983922,0.05875470121186788,0.09922059725019694,0.15318967356518043,0.18597177588375025,0.2520397898737007,0.25777470628887356,0.20088035214085642,0.22513661202185786,0.10973550928531228,0.1429729455871922,0.10722662802078686,0.04480143234677991,0.04442921652346565,0.9462296962738037
model-seed_763743-lr_3e-05-ep_7,0.18692233411505033,0.14226213718599512,0.05426226762686315,0.0894565885348082,0.15346851654215576,0.18735133622498956,0.24143337066069437,0.24624086080838725,0.17654075546719694,0.21088251218191656,0.10694586312563847,0.13863404689092762,0.10489221576488579,0.059318526693336926,0.06862037499592144,0.919965922832489
model-seed_843420-lr_5e-05-ep_7,0.2147964796479649,0.17136150234741787,0.05270213657310441,0.09178743961352664,0.1485212173167596,0.18956082503157023,0.2442448062886019,0.2544951590594745,0.1838690357356757,0.22429524717417948,0.10602335586969891,0.1353337415799143,0.1024155699198543,0.03969867941150962,0.05293374482676161,0.9222882390022278
model-seed_812747-lr_7e-05-ep_4,0.24248777078965766,0.2270178641283087,0.062170529662789686,0.09820096533567346,0.15411032410388492,0.19563697384981127,0.25304191077061755,0.26900746474979265,0.19151490894536727,0.22739053335152093,0.12327088969424738,0.13662200568412508,0.113183914486974,0.026519693960134982,0.0003726692232122186,0.9073483943939209
model-seed_74678-lr_5e-05-ep_6,0.2229580573951434,0.16191220528852412,0.05518282455551837,0.09270008795074747,0.14291795253804407,0.18823201338538764,0.24769818100157204,0.26241721854304634,0.18776244751049787,0.22451207861334788,0.10796875797641525,0.1337942252948352,0.10202317835665924,0.03945916114790293,0.06259987332482375,0.9296444058418274
model-seed_115990-lr_7e-05-ep_5,0.2289122408406703,0.20015667841754792,0.05814343163538882,0.09483288007719981,0.166434465759297,0.1948632049134562,0.25346244792253125,0.2707984366275824,0.19263852770554102,0.22464663098668858,0.12065794850837752,0.1468788249694003,0.1150786153010211,0.041886195786912106,0.02448995256914066,0.8901252150535583
model-seed_609719-lr_0.0001-ep_7,0.2559314895409237,0.2298039215686275,0.06341217916456976,0.10819097678493217,0.1725549332184403,0.1974630021141649,0.2721355627875659,0.27469478357380683,0.21235365361324177,0.24349493289509727,0.11761090052248735,0.16354050491736793,0.1178593376351658,0.018763294032883127,0.01369101132646977,0.968390941619873
model-seed_110493-lr_1e-06-ep_6,0.27025915261209377,0.24075000000000002,0.19462302746931603,0.19848870925226259,0.26627981947130885,0.3065101983794356,0.3249527199911002,0.3226425438596492,0.31627632355835467,0.3551151580074987,0.32204709087371086,0.3201255394272263,0.2609833126047786,0.05238339124755542,0.11436515800749869,0.8857117891311646
model-seed_137478-lr_5e-05-ep_7,0.23053810434307564,0.15375632541845075,0.052631578947368474,0.09490333919156413,0.14819186608005153,0.18779736915757061,0.2455764679364365,0.257103257103257,0.18347704030479262,0.21579882465491318,0.10048680502177809,0.13663894877322658,0.10043675001639936,0.026565152760181343,0.062042499236462434,0.9407898783683777
model-seed_104910-lr_3e-05-ep_3,0.18777292576419213,0.16220064724919092,0.06320013375689681,0.0952923643376874,0.13934338573414606,0.1815135437028763,0.23883277216610554,0.25591695501730105,0.1783590963139121,0.2057429229310579,0.13400583747247685,0.15097220808307021,0.1121831189878399,0.06814402925310892,0.04354227568186697,0.8737651705741882
model-seed_383688-lr_5e-05-ep_3,0.21707385565852289,0.2326656394453004,0.05856723921240048,0.09734513274336276,0.1407089151450054,0.1871508379888268,0.24513881083511302,0.2668508287292817,0.1815311760063142,0.2240613645538958,0.1256286512573025,0.14340731732036083,0.10830160187156945,0.04977697307075879,-0.008604274891404584,0.9253159761428833
model-seed_980601-lr_7e-05-ep_5,0.2364648573416842,0.20989917506874423,0.05494505494505508,0.09629370016647687,0.14905498281786944,0.19274755927475595,0.2552904097253489,0.26149584487534616,0.18954773869346742,0.23337430015021154,0.11347372725414029,0.14929634917397505,0.1058245883390216,0.025030987533661953,0.02347512508146732,0.9227215647697449
model-seed_355093-lr_3e-05-ep_6,0.1960067491563554,0.15132441646997108,0.055727813626078926,0.089647905874089,0.13514662133446675,0.18737782742250753,0.23839285714285718,0.26146663004669046,0.1768680445151033,0.21146565711195242,0.10613895857866973,0.13320482905549358,0.09900446451307181,0.06545988089033505,0.06014124064198134,0.9273558259010315
model-seed_641962-lr_3e-05-ep_6,0.22454595487066586,0.1552941176470587,0.05400872190540096,0.08540235957034681,0.14082687338501287,0.1851643720146109,0.23795554552634535,0.25719849770482694,0.17346123101518784,0.21403221403221395,0.10552197520745832,0.1238775510204081,0.10011919016595738,0.03265254283416108,0.05873809638515526,0.8978209495544434
model-seed_672846-lr_0.0001-ep_3,0.22906127037661617,0.17417846473567988,0.06491110365649111,0.09977164939399275,0.1715300958328848,0.20264007864064038,0.25916788157452053,0.2682119205298015,0.1960901655695193,0.2360316162442082,0.1444591701498622,0.16541810083012765,0.12696678987974605,0.03915065015318531,0.061853151508528326,0.9156180620193481
model-seed_759137-lr_0.0001-ep_3,0.21802611259300853,0.22378350247202705,0.07967860729829257,0.12267202937833355,0.18760757314974175,0.22375846501128682,0.2748708735683809,0.26762510367708037,0.21221800758634457,0.2513528138528137,0.14552655631156708,0.1813513241365421,0.1376042455865338,0.04959899108407184,0.027569311380786665,0.9362055063247681
model-seed_541212-lr_7e-05-ep_7,0.22676478604524386,0.1693149257619172,0.060438640549137834,0.0988953182535508,0.1601201974672678,0.1895314478682989,0.2516466045877811,0.2689404528934862,0.20032212603181,0.23946754494304923,0.11379081293750959,0.13111905978538585,0.11144988365130508,0.042175666848242366,0.07015261918113203,0.9336555600166321
model-seed_319900-lr_7e-05-ep_7,0.2235131396957124,0.18894499069891046,0.05998659517426275,0.0961066292528936,0.16272094268880544,0.19262466824975555,0.2533303228719802,0.2596731387065232,0.1956696070569366,0.23931043844169952,0.11155419222903873,0.13870541611624843,0.11142057669736898,0.036159999010810795,0.05036544774278906,0.9448489546775818
model-seed_519893-lr_0.0001-ep_3,0.24046670461013098,0.2071298464741087,0.06674502560658213,0.10403508771929826,0.17705520146915843,0.21072581777341004,0.2661190502981884,0.2724761773235741,0.20337620578778137,0.24615175044271898,0.15407362088304277,0.18400809716599187,0.1326246159862611,0.03200947271344312,0.03902190396861027,0.9497959017753601
model-seed_197882-lr_3e-05-ep_7,0.22333891680625362,0.1579084626418047,0.05425576519916142,0.09279620019350865,0.14111610006414366,0.18358773281053076,0.23289220676394062,0.2571587433972754,0.17975497087768644,0.20687757909215954,0.1048465349062867,0.13292682926829258,0.10007280005653059,0.033819826591021784,0.048969116450354844,0.8966044187545776
model-seed_316410-lr_1e-06-ep_6,0.27223864552539645,0.2936267071320182,0.19930446302889782,0.20296813618507203,0.2849685735591776,0.31438127090301005,0.32934397163120566,0.32478632478632474,0.3142521074299156,0.35287902799788695,0.3352536249572816,0.34716648722717036,0.2731755538484523,0.05254767926092829,0.059252320865868735,0.8901211023330688
model-seed_857011-lr_3e-05-ep_7,0.2141189397060843,0.13918849512069853,0.05196982397317673,0.09162856137882514,0.1439288393526953,0.18055750105056723,0.254302103250478,0.2578092461474386,0.16785998408910086,0.2053449686392147,0.10529270657888035,0.1363913131723158,0.10039712330158412,0.0436903064413543,0.06615647351851617,0.9224275946617126
model-seed_47835-lr_7e-05-ep_4,0.20889134336600856,0.18132807363576597,0.05841004184100429,0.09614035087719297,0.15238605898123325,0.1910112359550562,0.2411299435028249,0.2546012269938651,0.18745003996802567,0.2286298568507159,0.1181603531464942,0.13942601261958076,0.10965215132291058,0.04570988362785655,0.04730178321494993,0.9035549759864807
model-seed_677169-lr_3e-05-ep_7,0.21106875617676113,0.15031996865613162,0.05347862531433367,0.09357186705253007,0.13455788124733026,0.1800111982082866,0.2420603748176411,0.2617895173558291,0.17849979943842753,0.21363076501984413,0.107714329533255,0.13594918553426905,0.09858361203163964,0.050720761179067986,0.06331079636371251,0.9209715127944946
model-seed_815354-lr_0.0001-ep_5,0.2199470678367461,0.1936675461741425,0.060844787127053324,0.09914170607812212,0.1696332832940166,0.20969089390142015,0.2626387176325524,0.2642847212567775,0.20562248995983923,0.24819013795929523,0.12376085845682161,0.15662896158157547,0.11807964295929718,0.044337653420031375,0.05452259178515273,0.9347947835922241
model-seed_920962-lr_7e-05-ep_3,0.20455824423185154,0.16858337689492942,0.06161058094759764,0.09513371328364739,0.14960966741524984,0.1942785724204973,0.25994843627396025,0.2738029719317556,0.18910320143169623,0.21850899742930585,0.12943099397282654,0.14951849974657894,0.11355041411189133,0.06924472769990409,0.049925620534376436,0.8690817356109619
model-seed_901295-lr_3e-05-ep_3,0.20452686119443697,0.1797651309846432,0.06079383687824491,0.09908015768725353,0.14450373532550698,0.18475073313782986,0.24551031790295597,0.2709305517430689,0.1812586857256303,0.22405114950346894,0.1325854156042836,0.16068358782485592,0.1126276626026785,0.06640369054863193,0.04428601851882574,0.8836486339569092
model-seed_432375-lr_0.0001-ep_3,0.2055971183153228,0.18976215098241977,0.07059217129474737,0.10343618513323982,0.1603184850441144,0.20342552295381144,0.2795169946332736,0.2716492002206288,0.20873882820258205,0.23043654547911885,0.13888746999029478,0.17716931749547016,0.12326604210971885,0.06605208190530598,0.04067439449669907,0.9002281427383423
model-seed_553899-lr_5e-05-ep_3,0.21548456957227935,0.20810500828342038,0.058329836340746954,0.09554698457222999,0.1422755517463038,0.18406708595387844,0.2487058293945532,0.25642093572122726,0.18069405664140414,0.21729670927386457,0.13133370677802114,0.15269035532994923,0.11064636495502396,0.04093636614894791,0.009191700990444196,0.8562601208686829
model-seed_128902-lr_0.0001-ep_3,0.22045516863175207,0.18745984838751129,0.06407896938263347,0.09995619798510735,0.16868250539956797,0.21025786341739872,0.26214028776978415,0.2638927673834125,0.2019327561908597,0.2335345773874863,0.1428571428571429,0.1662258392675482,0.12520620587978146,0.04343759875166042,0.046074728999975,0.9352967739105225
model-seed_259439-lr_5e-05-ep_5,0.1964110472451983,0.16196908689440193,0.058941896537268335,0.0904774465840148,0.1599529864301742,0.19070938855463826,0.25188945290468134,0.26718403547671843,0.18351010606363816,0.22076143522322655,0.11221358428805239,0.1376952128202511,0.11036948908516497,0.07077298823152012,0.05879234832882463,0.927544891834259
model-seed_393182-lr_5e-05-ep_4,0.19458926306890234,0.23642866266445273,0.05655634687892752,0.09568874868559418,0.14802525955260637,0.19003202004733388,0.24809160305343503,0.2587974508174009,0.17736452709458106,0.20742864946060358,0.11719907998977763,0.15592219166921273,0.10726022880710384,0.06420818774849857,-0.02900001320384915,0.9232497811317444
model-seed_880637-lr_5e-05-ep_4,0.20671159400357575,0.15629860031104204,0.05495978552278824,0.09210757602390585,0.14108858057630735,0.18441196938065407,0.24588327545648037,0.26842032777854286,0.17611701061911444,0.2108713466266049,0.12148959026037143,0.13953488372093026,0.10584598545315567,0.061708733774967106,0.05457274631556286,0.8811144232749939
model-seed_609795-lr_5e-05-ep_6,0.2407357316743305,0.18021293170605035,0.05346202266051192,0.09513779182025639,0.14668082846521513,0.1856370442257036,0.24005857834854116,0.2530521642619312,0.1837547282500499,0.22170837867247006,0.10810120112445698,0.13663648387424976,0.10274801741672801,0.012316432587600734,0.04149544696641971,0.9171007871627808
model-seed_200770-lr_5e-05-ep_4,0.19136490250696392,0.152156862745098,0.05912897822445562,0.09466678343112345,0.14847254860072623,0.18532007283933316,0.24032931092816068,0.2573018080667594,0.1851556264964086,0.21625306790291787,0.11692684419957144,0.14655085344914653,0.10817612367491776,0.06593690555979548,0.06409620515781989,0.8834195733070374
model-seed_212617-lr_0.0001-ep_4,0.23253562041776188,0.19368311145914907,0.06391890759822405,0.10273492286115005,0.15970727507533367,0.19994379654348748,0.2687373396353815,0.27419579445759645,0.21051575356211116,0.24351624351624357,0.12727829682952985,0.1618080243778568,0.11696815983436253,0.041660174039834574,0.0498331320570945,0.91693115234375
